{
  "firstLayout": "",
  "gdVersion": {
    "build": 99,
    "major": 4,
    "minor": 0,
    "revision": 0
  },
  "properties": {
    "adaptGameResolutionAtRuntime": true,
    "folderProject": false,
    "orientation": "landscape",
    "packageName": "com.example.gamename",
    "pixelsRounding": false,
    "projectUuid": "791ef0ff-ddea-4b42-938e-ee1f93e8af96",
    "scaleMode": "linear",
    "sizeOnStartupMode": "adaptWidth",
    "templateSlug": "",
    "useExternalSourceFiles": false,
    "version": "1.0.0",
    "name": "quadratic curve",
    "description": "",
    "author": "",
    "windowWidth": 800,
    "windowHeight": 600,
    "latestCompilationDirectory": "",
    "maxFPS": 60,
    "minFPS": 20,
    "verticalSync": false,
    "platformSpecificAssets": {},
    "loadingScreen": {
      "backgroundColor": 0,
      "backgroundFadeInDuration": 0.2,
      "backgroundImageResourceName": "",
      "gdevelopLogoStyle": "light",
      "logoAndProgressFadeInDuration": 0.2,
      "logoAndProgressLogoFadeInDelay": 0.2,
      "minDuration": 1.5,
      "progressBarColor": 16777215,
      "progressBarHeight": 20,
      "progressBarMaxWidth": 200,
      "progressBarMinWidth": 40,
      "progressBarWidthPercent": 30,
      "showGDevelopSplash": true,
      "showProgressBar": true
    },
    "authorIds": [],
    "categories": [],
    "playableDevices": [],
    "extensionProperties": [],
    "platforms": [
      {
        "name": "GDevelop JS platform"
      }
    ],
    "currentPlatform": "GDevelop JS platform"
  },
  "resources": {
    "resources": [
      {
        "alwaysLoaded": false,
        "file": "NewFile-1.png",
        "kind": "image",
        "metadata": "",
        "name": "NewFile-1.png",
        "smoothed": true,
        "userAdded": true
      },
      {
        "alwaysLoaded": false,
        "file": "NewSprite-1-1.png",
        "kind": "image",
        "metadata": "",
        "name": "NewSprite-1-1.png",
        "smoothed": true,
        "userAdded": false
      },
      {
        "alwaysLoaded": false,
        "file": "NewSprite-1-0.png",
        "kind": "image",
        "metadata": "",
        "name": "NewSprite-1-0.png",
        "smoothed": true,
        "userAdded": true
      },
      {
        "alwaysLoaded": false,
        "file": "contolPoint-1-1.png",
        "kind": "image",
        "metadata": "",
        "name": "contolPoint-1-1.png",
        "smoothed": true,
        "userAdded": false
      },
      {
        "alwaysLoaded": false,
        "file": "NewSprite2-1-0.png",
        "kind": "image",
        "metadata": "",
        "name": "NewSprite2-1-0.png",
        "smoothed": true,
        "userAdded": true
      },
      {
        "alwaysLoaded": false,
        "file": "NewSprite-1-3 - Copy.png",
        "kind": "image",
        "metadata": "",
        "name": "NewSprite-1-3 - Copy.png",
        "smoothed": true,
        "userAdded": false
      },
      {
        "alwaysLoaded": false,
        "file": "NewSprite-1-4.png",
        "kind": "image",
        "metadata": "",
        "name": "NewSprite-1-4.png",
        "smoothed": true,
        "userAdded": false
      }
    ],
    "resourceFolders": []
  },
  "objects": [],
  "objectsGroups": [],
  "variables": [],
  "layouts": [
    {
      "b": 209,
      "disableInputWhenNotFocused": true,
      "mangledName": "Untitled_32scene",
      "name": "Untitled scene",
      "oglFOV": 90,
      "oglZFar": 500,
      "oglZNear": 1,
      "r": 209,
      "standardSortMethod": true,
      "stopSoundsOnStartup": true,
      "title": "",
      "v": 209,
      "uiSettings": {
        "grid": false,
        "gridType": "rectangular",
        "gridWidth": 32,
        "gridHeight": 32,
        "gridOffsetX": 0,
        "gridOffsetY": 0,
        "gridColor": 10401023,
        "gridAlpha": 0.8,
        "snap": false,
        "zoomFactor": 1,
        "windowMask": false
      },
      "objectsGroups": [
        {
          "name": "Group",
          "objects": [
            {
              "name": "startPoint"
            },
            {
              "name": "endPoint"
            }
          ]
        }
      ],
      "variables": [],
      "instances": [
        {
          "angle": 0,
          "customSize": false,
          "height": 0,
          "layer": "",
          "name": "startPoint",
          "persistentUuid": "5865105e-e5c8-4a30-8a89-ee77b86f2bcb",
          "width": 0,
          "x": 215.1999969482422,
          "y": 289.3500061035156,
          "zOrder": 2,
          "numberProperties": [],
          "stringProperties": [],
          "initialVariables": [
            {
              "folded": true,
              "name": "id",
              "type": "number",
              "value": 1
            }
          ]
        },
        {
          "angle": 0,
          "customSize": false,
          "height": 0,
          "layer": "",
          "name": "endPoint",
          "persistentUuid": "4365e1dd-2d90-4e43-8e38-fb45866bf6a8",
          "width": 0,
          "x": 504.1000061035156,
          "y": 274.8500061035156,
          "zOrder": 4,
          "numberProperties": [
            {
              "name": "animation",
              "value": 0
            }
          ],
          "stringProperties": [],
          "initialVariables": [
            {
              "folded": true,
              "name": "id",
              "type": "number",
              "value": 2
            }
          ]
        },
        {
          "angle": 0,
          "customSize": false,
          "height": 0,
          "layer": "",
          "name": "NewShapePainter",
          "persistentUuid": "d5675a4a-3a6b-4cf7-88a3-f4d153b13a7d",
          "width": 0,
          "x": 23,
          "y": 20,
          "zOrder": 0,
          "numberProperties": [],
          "stringProperties": [],
          "initialVariables": []
        },
        {
          "angle": 0,
          "customSize": true,
          "height": 61.00000762939453,
          "layer": "",
          "name": "contolPoint",
          "persistentUuid": "7dbda548-df52-4ce2-92a1-b6e509c0ebd5",
          "width": 64,
          "x": 352.20001220703125,
          "y": 131.4757843017578,
          "zOrder": 6,
          "numberProperties": [],
          "stringProperties": [],
          "initialVariables": []
        },
        {
          "angle": 0,
          "customSize": true,
          "height": 30,
          "layer": "",
          "name": "slider",
          "persistentUuid": "7909f48d-a3d1-4d3e-9ef8-086f212a8d59",
          "width": 250,
          "x": 150,
          "y": 516,
          "zOrder": 7,
          "numberProperties": [],
          "stringProperties": [],
          "initialVariables": []
        },
        {
          "angle": 0,
          "customSize": false,
          "height": 0,
          "layer": "",
          "name": "knob",
          "persistentUuid": "5593f6af-b754-489c-acfe-834ae8963a43",
          "width": 0,
          "x": 275,
          "y": 536,
          "zOrder": 8,
          "numberProperties": [],
          "stringProperties": [],
          "initialVariables": []
        },
        {
          "angle": 0,
          "customSize": false,
          "height": 0,
          "layer": "",
          "name": "textSliderValue",
          "persistentUuid": "efab3699-ad73-40d7-9ca1-77efbd2ecc45",
          "width": 0,
          "x": 152,
          "y": 466,
          "zOrder": 9,
          "numberProperties": [],
          "stringProperties": [],
          "initialVariables": []
        },
        {
          "angle": 0,
          "customSize": false,
          "height": 0,
          "layer": "",
          "name": "pointOnCurve",
          "persistentUuid": "7f4fcf91-6727-4165-8b9a-215a7ad1eda7",
          "width": 0,
          "x": 357,
          "y": 192,
          "zOrder": 10,
          "numberProperties": [],
          "stringProperties": [],
          "initialVariables": []
        },
        {
          "angle": 0,
          "customSize": false,
          "height": 0,
          "layer": "",
          "name": "NewText",
          "persistentUuid": "4c7e632a-8f06-45bf-906d-1f4a20749ee0",
          "width": 0,
          "x": 374,
          "y": 402,
          "zOrder": 11,
          "numberProperties": [],
          "stringProperties": [],
          "initialVariables": []
        },
        {
          "angle": 0,
          "customSize": false,
          "height": 0,
          "layer": "",
          "name": "pointOnCurve2",
          "persistentUuid": "e4afea92-9971-4f75-bafd-40910aaa7e0f",
          "width": 0,
          "x": 360,
          "y": 268,
          "zOrder": 12,
          "numberProperties": [],
          "stringProperties": [],
          "initialVariables": []
        }
      ],
      "objects": [
        {
          "assetStoreId": "",
          "name": "startPoint",
          "tags": "",
          "type": "Sprite",
          "updateIfNotVisible": false,
          "variables": [
            {
              "folded": true,
              "name": "id",
              "type": "number",
              "value": 0
            }
          ],
          "effects": [],
          "behaviors": [
            {
              "checkCollisionMask": true,
              "name": "Draggable",
              "type": "DraggableBehavior::Draggable"
            }
          ],
          "animations": [
            {
              "name": "NewSprite",
              "useMultipleDirections": false,
              "directions": [
                {
                  "looping": false,
                  "timeBetweenFrames": 0.07999999821186066,
                  "sprites": [
                    {
                      "hasCustomCollisionMask": false,
                      "image": "NewSprite-1-0.png",
                      "points": [],
                      "originPoint": {
                        "name": "origine",
                        "x": 28,
                        "y": 60.5
                      },
                      "centerPoint": {
                        "automatic": false,
                        "name": "centre",
                        "x": 28,
                        "y": 60.5
                      },
                      "customCollisionMask": []
                    }
                  ]
                }
              ]
            }
          ]
        },
        {
          "assetStoreId": "",
          "name": "contolPoint",
          "tags": "",
          "type": "Sprite",
          "updateIfNotVisible": false,
          "variables": [
            {
              "folded": true,
              "name": "id",
              "type": "number",
              "value": 0
            }
          ],
          "effects": [],
          "behaviors": [
            {
              "checkCollisionMask": true,
              "name": "Draggable",
              "type": "DraggableBehavior::Draggable"
            }
          ],
          "animations": [
            {
              "name": "contolPoint",
              "useMultipleDirections": false,
              "directions": [
                {
                  "looping": false,
                  "timeBetweenFrames": 0.07999999821186066,
                  "sprites": [
                    {
                      "hasCustomCollisionMask": false,
                      "image": "contolPoint-1-1.png",
                      "points": [],
                      "originPoint": {
                        "name": "origine",
                        "x": 32.20000076293945,
                        "y": 63.45000076293945
                      },
                      "centerPoint": {
                        "automatic": false,
                        "name": "centre",
                        "x": 32.003047943115234,
                        "y": 63.075374603271484
                      },
                      "customCollisionMask": []
                    }
                  ]
                }
              ]
            }
          ]
        },
        {
          "assetStoreId": "",
          "name": "endPoint",
          "tags": "",
          "type": "Sprite",
          "updateIfNotVisible": false,
          "variables": [
            {
              "folded": true,
              "name": "id",
              "type": "number",
              "value": 0
            }
          ],
          "effects": [],
          "behaviors": [
            {
              "checkCollisionMask": true,
              "name": "Draggable",
              "type": "DraggableBehavior::Draggable"
            }
          ],
          "animations": [
            {
              "name": "NewSprite2",
              "useMultipleDirections": false,
              "directions": [
                {
                  "looping": false,
                  "timeBetweenFrames": 0.07999999821186066,
                  "sprites": [
                    {
                      "hasCustomCollisionMask": false,
                      "image": "NewSprite2-1-0.png",
                      "points": [],
                      "originPoint": {
                        "name": "origine",
                        "x": 31.100000381469727,
                        "y": 62.849998474121094
                      },
                      "centerPoint": {
                        "automatic": false,
                        "name": "centre",
                        "x": 30.971599578857422,
                        "y": 62.81751251220703
                      },
                      "customCollisionMask": []
                    }
                  ]
                }
              ]
            }
          ]
        },
        {
          "assetStoreId": "",
          "name": "NewShapePainter",
          "tags": "",
          "type": "PrimitiveDrawing::Drawer",
          "variables": [],
          "effects": [],
          "behaviors": [],
          "fillOpacity": 0,
          "outlineSize": 5,
          "outlineOpacity": 255,
          "fillColor": {
            "b": 255,
            "g": 255,
            "r": 255
          },
          "outlineColor": {
            "b": 226,
            "g": 144,
            "r": 74
          },
          "absoluteCoordinates": true,
          "clearBetweenFrames": true
        },
        {
          "assetStoreId": "",
          "height": 30,
          "name": "slider",
          "tags": "",
          "texture": "NewFile-1.png",
          "type": "TiledSpriteObject::TiledSprite",
          "width": 30,
          "variables": [],
          "effects": [],
          "behaviors": []
        },
        {
          "assetStoreId": "",
          "name": "knob",
          "tags": "",
          "type": "Sprite",
          "updateIfNotVisible": false,
          "variables": [],
          "effects": [],
          "behaviors": [
            {
              "checkCollisionMask": true,
              "name": "Draggable",
              "type": "DraggableBehavior::Draggable"
            }
          ],
          "animations": [
            {
              "name": "NewSprite",
              "useMultipleDirections": false,
              "directions": [
                {
                  "looping": false,
                  "timeBetweenFrames": 0.07999999821186066,
                  "sprites": [
                    {
                      "hasCustomCollisionMask": false,
                      "image": "NewSprite-1-1.png",
                      "points": [],
                      "originPoint": {
                        "name": "origine",
                        "x": 32,
                        "y": 32
                      },
                      "centerPoint": {
                        "automatic": true,
                        "name": "centre",
                        "x": 0,
                        "y": 0
                      },
                      "customCollisionMask": []
                    }
                  ]
                }
              ]
            }
          ]
        },
        {
          "assetStoreId": "",
          "bold": false,
          "italic": false,
          "name": "textSliderValue",
          "smoothed": true,
          "tags": "",
          "type": "TextObject::Text",
          "underlined": false,
          "variables": [],
          "effects": [],
          "behaviors": [],
          "string": "Text",
          "font": "",
          "characterSize": 20,
          "color": {
            "b": 0,
            "g": 0,
            "r": 0
          }
        },
        {
          "assetStoreId": "",
          "name": "pointOnCurve",
          "tags": "",
          "type": "Sprite",
          "updateIfNotVisible": false,
          "variables": [],
          "effects": [],
          "behaviors": [],
          "animations": [
            {
              "name": "NewSprite",
              "useMultipleDirections": false,
              "directions": [
                {
                  "looping": false,
                  "timeBetweenFrames": 0.07999999821186066,
                  "sprites": [
                    {
                      "hasCustomCollisionMask": false,
                      "image": "NewSprite-1-4.png",
                      "points": [],
                      "originPoint": {
                        "name": "origine",
                        "x": 16,
                        "y": 16
                      },
                      "centerPoint": {
                        "automatic": true,
                        "name": "centre",
                        "x": 0,
                        "y": 0
                      },
                      "customCollisionMask": []
                    }
                  ]
                }
              ]
            }
          ]
        },
        {
          "assetStoreId": "",
          "name": "pointOnCurve2",
          "tags": "",
          "type": "Sprite",
          "updateIfNotVisible": false,
          "variables": [],
          "effects": [],
          "behaviors": [],
          "animations": [
            {
              "name": "NewSprite-1-3-Copy",
              "useMultipleDirections": false,
              "directions": [
                {
                  "looping": false,
                  "timeBetweenFrames": 0.07999999821186066,
                  "sprites": [
                    {
                      "hasCustomCollisionMask": false,
                      "image": "NewSprite-1-3 - Copy.png",
                      "points": [],
                      "originPoint": {
                        "name": "origine",
                        "x": 16.00058937072754,
                        "y": 16.10436248779297
                      },
                      "centerPoint": {
                        "automatic": true,
                        "name": "centre",
                        "x": 0,
                        "y": 0
                      },
                      "customCollisionMask": []
                    }
                  ]
                }
              ]
            }
          ]
        },
        {
          "assetStoreId": "",
          "bold": false,
          "italic": false,
          "name": "NewText",
          "smoothed": true,
          "tags": "",
          "type": "TextObject::Text",
          "underlined": false,
          "variables": [],
          "effects": [],
          "behaviors": [],
          "string": "Text",
          "font": "",
          "characterSize": 20,
          "color": {
            "b": 0,
            "g": 0,
            "r": 0
          }
        }
      ],
      "events": [
        {
          "colorB": 228,
          "colorG": 176,
          "colorR": 74,
          "creationTime": 0,
          "name": "At the beginning",
          "source": "",
          "type": "BuiltinCommonInstructions::Group",
          "events": [
            {
              "type": "BuiltinCommonInstructions::Standard",
              "conditions": [
                {
                  "type": {
                    "value": "DepartScene"
                  },
                  "parameters": [
                    ""
                  ]
                }
              ],
              "actions": [
                {
                  "type": {
                    "value": "ModVarObjet"
                  },
                  "parameters": [
                    "knob",
                    "startY",
                    "=",
                    "knob.CenterY()"
                  ]
                }
              ]
            }
          ],
          "parameters": []
        },
        {
          "colorB": 228,
          "colorG": 176,
          "colorR": 74,
          "creationTime": 0,
          "name": "draw quadratic curve using startingPoint , controlPoint, endPoint",
          "source": "",
          "type": "BuiltinCommonInstructions::Group",
          "events": [
            {
              "type": "BuiltinCommonInstructions::Standard",
              "conditions": [],
              "actions": [
                {
                  "type": {
                    "value": "PrimitiveDrawing::OutlineColor"
                  },
                  "parameters": [
                    "NewShapePainter",
                    "\"74;144;226\""
                  ]
                },
                {
                  "type": {
                    "value": "PrimitiveDrawing::QuadraticCurve"
                  },
                  "parameters": [
                    "NewShapePainter",
                    "startPoint.CenterX()",
                    "startPoint.CenterY()",
                    "contolPoint.CenterX()",
                    "contolPoint.CenterY()",
                    "endPoint.CenterX()",
                    "endPoint.CenterY()"
                  ]
                }
              ]
            }
          ],
          "parameters": []
        },
        {
          "colorB": 228,
          "colorG": 176,
          "colorR": 74,
          "creationTime": 0,
          "name": "set variable t using slider",
          "source": "",
          "type": "BuiltinCommonInstructions::Group",
          "events": [
            {
              "type": "BuiltinCommonInstructions::Standard",
              "conditions": [],
              "actions": [
                {
                  "type": {
                    "value": "MettreXY"
                  },
                  "parameters": [
                    "knob",
                    "=",
                    "clamp(knob.CenterX(),slider.BoundingBoxLeft(),slider.BoundingBoxRight())",
                    "=",
                    "knob.Variable(startY)"
                  ]
                },
                {
                  "type": {
                    "value": "ModVarScene"
                  },
                  "parameters": [
                    "t",
                    "=",
                    "roundTo(((knob.CenterX()-slider.BoundingBoxLeft())/slider.Width()),2)"
                  ]
                },
                {
                  "type": {
                    "value": "TextObject::String"
                  },
                  "parameters": [
                    "textSliderValue",
                    "=",
                    "\"T=\" + ToString(Variable(t))"
                  ]
                }
              ]
            }
          ],
          "parameters": []
        },
        {
          "colorB": 228,
          "colorG": 176,
          "colorR": 74,
          "creationTime": 0,
          "name": "place pointOnCurve on point T",
          "source": "",
          "type": "BuiltinCommonInstructions::Group",
          "events": [],
          "parameters": []
        },
        {
          "type": "BuiltinCommonInstructions::Standard",
          "conditions": [],
          "actions": [
            {
              "type": {
                "value": "MettreXY"
              },
              "parameters": [
                "pointOnCurve",
                "=",
                "(1 - Variable(t)) * (1 - Variable(t)) * startPoint.CenterX() + 2 * (1 - Variable(t)) * Variable(t) * contolPoint.CenterX() + Variable(t) * Variable(t) * endPoint.CenterX()",
                "=",
                "(1 - Variable(t)) * (1 - Variable(t)) * startPoint.CenterY() + 2 * (1 - Variable(t)) * Variable(t) * contolPoint.CenterY() + Variable(t) * Variable(t) * endPoint.CenterY()"
              ]
            }
          ]
        },
        {
          "colorB": 228,
          "colorG": 176,
          "colorR": 74,
          "creationTime": 0,
          "name": "Draw Quadratic thru control point using startingPoint , (tmpx,tmpy) , endPoint",
          "source": "",
          "type": "BuiltinCommonInstructions::Group",
          "events": [
            {
              "type": "BuiltinCommonInstructions::Standard",
              "conditions": [],
              "actions": [
                {
                  "type": {
                    "value": "ModVarScene"
                  },
                  "parameters": [
                    "tmpx1",
                    "=",
                    "startPoint.CenterX()-contolPoint.CenterX()"
                  ]
                },
                {
                  "type": {
                    "value": "ModVarScene"
                  },
                  "parameters": [
                    "tmpy1",
                    "=",
                    "startPoint.CenterY()-contolPoint.CenterY()"
                  ]
                },
                {
                  "type": {
                    "value": "ModVarScene"
                  },
                  "parameters": [
                    "tmpx2",
                    "=",
                    "endPoint.CenterX()-contolPoint.CenterX()"
                  ]
                },
                {
                  "type": {
                    "value": "ModVarScene"
                  },
                  "parameters": [
                    "tmpy2",
                    "=",
                    "endPoint.CenterY()-contolPoint.CenterY()"
                  ]
                },
                {
                  "type": {
                    "value": "ModVarScene"
                  },
                  "parameters": [
                    "dist1",
                    "=",
                    "sqrt(pow(Variable(tmpx1),2) + pow( Variable(tmpy1),2))"
                  ]
                },
                {
                  "type": {
                    "value": "ModVarScene"
                  },
                  "parameters": [
                    "dist2",
                    "=",
                    "sqrt(pow(Variable(tmpx2),2) + pow( Variable(tmpy2),2))"
                  ]
                },
                {
                  "type": {
                    "value": "ModVarScene"
                  },
                  "parameters": [
                    "tmpx",
                    "=",
                    "contolPoint.CenterX() - sqrt(Variable(dist1)*Variable(dist2)) *(Variable(tmpx1)/Variable(dist1)+Variable(tmpx2)/Variable(dist2))/2"
                  ]
                },
                {
                  "type": {
                    "value": "ModVarScene"
                  },
                  "parameters": [
                    "tmpy",
                    "=",
                    "contolPoint.CenterY() - sqrt(Variable(dist1)*Variable(dist2)) *(Variable(tmpy1)/Variable(dist1)+Variable(tmpy2)/Variable(dist2))/2"
                  ]
                },
                {
                  "type": {
                    "value": "PrimitiveDrawing::OutlineColor"
                  },
                  "parameters": [
                    "NewShapePainter",
                    "\"243;180;10\""
                  ]
                },
                {
                  "type": {
                    "value": "PrimitiveDrawing::QuadraticCurve"
                  },
                  "parameters": [
                    "NewShapePainter",
                    "startPoint.CenterX()",
                    "startPoint.CenterY()",
                    "Variable(tmpx)",
                    "Variable(tmpy)",
                    "endPoint.CenterX()",
                    "endPoint.CenterY()"
                  ]
                },
                {
                  "type": {
                    "value": "MettreXY"
                  },
                  "parameters": [
                    "pointOnCurve2",
                    "=",
                    "(1 - Variable(t)) * (1 - Variable(t)) * startPoint.CenterX() + 2 * (1 - Variable(t)) * Variable(t) * Variable(tmpx) + Variable(t) * Variable(t) * endPoint.CenterX()",
                    "=",
                    "(1 - Variable(t)) * (1 - Variable(t)) * startPoint.CenterY() + 2 * (1 - Variable(t)) * Variable(t) * Variable(tmpy) + Variable(t) * Variable(t) * endPoint.CenterY()"
                  ]
                }
              ]
            }
          ],
          "parameters": []
        },
        {
          "type": "BuiltinCommonInstructions::Standard",
          "conditions": [],
          "actions": []
        },
        {
          "type": "BuiltinCommonInstructions::Standard",
          "conditions": [],
          "actions": []
        },
        {
          "type": "BuiltinCommonInstructions::Standard",
          "conditions": [],
          "actions": []
        },
        {
          "type": "BuiltinCommonInstructions::Standard",
          "conditions": [],
          "actions": []
        },
        {
          "type": "BuiltinCommonInstructions::Standard",
          "conditions": [],
          "actions": []
        },
        {
          "type": "BuiltinCommonInstructions::Standard",
          "conditions": [],
          "actions": []
        }
      ],
      "layers": [
        {
          "ambientLightColorB": 32,
          "ambientLightColorG": 0,
          "ambientLightColorR": 0,
          "followBaseLayerCamera": false,
          "isLightingLayer": false,
          "name": "",
          "visibility": true,
          "cameras": [
            {
              "defaultSize": true,
              "defaultViewport": true,
              "height": 0,
              "viewportBottom": 1,
              "viewportLeft": 0,
              "viewportRight": 1,
              "viewportTop": 0,
              "width": 0
            }
          ],
          "effects": []
        }
      ],
      "behaviorsSharedData": []
    }
  ],
  "externalEvents": [],
  "eventsFunctionsExtensions": [],
  "externalLayouts": [],
  "externalSourceFiles": []
}